type,name,module,path,hash
"csv","agent-manifest","_config","_config/agent-manifest.csv","022433e9f3ed0d50f9553d78a0f9fa98c833c728a1af9372199d2957e9022969"
"csv","task-manifest","_config","_config/task-manifest.csv","4d40aa929231dc109a3e2183cf0238e77340e7f2d884045bde4e334d04571bd6"
"csv","workflow-manifest","_config","_config/workflow-manifest.csv","d77950d14bc6208c20b8d64c703ab5e5620090f0f096f21c18474d24eb1edbcb"
"yaml","manifest","_config","_config/manifest.yaml","821227e0ba7b04a85931adc72748a1cba9257de04fde7f28f4794e27157751e7"
"csv","brain-methods","core","core/workflows/bmad-brainstorming/brain-methods.csv","ac6b25211f30e35d0f6390f165d4a68abb66a4553bae039a7162f4e6dd3594d2"
"csv","methods","core","core/tasks/bmad-advanced-elicitation/methods.csv","5919c987bd12404753cdb21a534619422903210bbb8430da0f91364c36e48b53"
"csv","module-help","core","core/module-help.csv","a69792b655b7374b1b7ba6c1dc9dce5a2138c24449f4cc9246b20adae879d3b5"
"md","SKILL","core","core/tasks/bmad-advanced-elicitation/SKILL.md","5ada0414568a66d381a790712505a93699de7ff47f35c25c2fc5b1683ecfcd8e"
"md","SKILL","core","core/tasks/bmad-editorial-review-prose/SKILL.md","f49b6062d15c41a127130cf63e6a6fb0ab5d8b04cdfe476b7f72af2b57131bdf"
"md","SKILL","core","core/tasks/bmad-editorial-review-structure/SKILL.md","06027ec173fd6208e30143cb57a6745c6e7052f4728fd234f9b0a193b9eb2f44"
"md","SKILL","core","core/tasks/bmad-help/SKILL.md","aa72b9e2218deffbbc2195113433dfe8a32bee2f9a8a89c42d18a09de59735a1"
"md","SKILL","core","core/tasks/bmad-index-docs/SKILL.md","8e14081c23a409cf621f12e4529e571b59a2f136f6b491c66368076282fd53af"
"md","SKILL","core","core/tasks/bmad-review-adversarial-general/SKILL.md","fb7b1002d56425cac0e42231738b77cc377c08af95ef27895434d5f4e71602c1"
"md","SKILL","core","core/tasks/bmad-review-edge-case-hunter/SKILL.md","d6214a437bf6568d96e5363aa4db6889eb2c7f87aa411ce9317687e05120bcd4"
"md","SKILL","core","core/tasks/bmad-shard-doc/SKILL.md","5173c4d3d133d08dca63d2dc76c78566ec2d61446efeb21559479e1cf35eb492"
"md","SKILL","core","core/workflows/bmad-brainstorming/SKILL.md","79f6f4c23c308d662eace5d608d48589fc4d940827b461de7689843ed3152538"
"md","SKILL","core","core/workflows/bmad-party-mode/SKILL.md","50142a43a37c727eb7d408a50e5b956f84101eb7bdca2905a47efbc3a9411ac0"
"md","step-01-agent-loading","core","core/workflows/bmad-party-mode/steps/step-01-agent-loading.md","469004ceccb6e7eb644e27dfa6bd172bb0aa358c4bd1f9d4316419bf0b4b903e"
"md","step-01-session-setup","core","core/workflows/bmad-brainstorming/steps/step-01-session-setup.md","997c7d63ca22a33565755c8333211893fb3cac33b02bd7d115f62c6c32fac6a9"
"md","step-01b-continue","core","core/workflows/bmad-brainstorming/steps/step-01b-continue.md","fa754658337edd033a5f9ce859e881267eb2f367133a95c5998a5c88c610c688"
"md","step-02-discussion-orchestration","core","core/workflows/bmad-party-mode/steps/step-02-discussion-orchestration.md","d42cbecf367ec74907ca7a04f88ea0ed63532144436fd8c799cfb0ad2b17adff"
"md","step-02a-user-selected","core","core/workflows/bmad-brainstorming/steps/step-02a-user-selected.md","8d1a946987876aa1febbd217c33b4c9864acedce44586a00c30a44443ffacc05"
"md","step-02b-ai-recommended","core","core/workflows/bmad-brainstorming/steps/step-02b-ai-recommended.md","913f01b656ba9d796f51c84bd89397ea0492158e2f9fcc885c2bd603768a2411"
"md","step-02c-random-selection","core","core/workflows/bmad-brainstorming/steps/step-02c-random-selection.md","9a030b0adc9ce7cf69c2b2d8a7b54833e73a77efb541d50abb9e5ecec0463541"
"md","step-02d-progressive-flow","core","core/workflows/bmad-brainstorming/steps/step-02d-progressive-flow.md","f25013a46e60fda842a79c8b4d518e801760e18945124e8a5a155b9f4f0293f1"
"md","step-03-graceful-exit","core","core/workflows/bmad-party-mode/steps/step-03-graceful-exit.md","64dc6ac1efdd29205e26298dd18fe8cf464ad1356b7f544ba25913483922e305"
"md","step-03-technique-execution","core","core/workflows/bmad-brainstorming/steps/step-03-technique-execution.md","9a26e6660b52cdc80ff444606f97b79680f5142f8fd1a0a7e608616fa2605a4d"
"md","step-04-idea-organization","core","core/workflows/bmad-brainstorming/steps/step-04-idea-organization.md","9cfc0b8941a8002bbdb2c1f6c06f532fcbbcd490c42d49f8369f4629fe1fc231"
"md","template","core","core/workflows/bmad-brainstorming/template.md","016492ff5f6ddcf1d2a80b1891eb3a9f473bd108d753b8fe56ade4265cf0f25f"
"md","workflow","core","core/tasks/bmad-advanced-elicitation/workflow.md","df090f7eef0b1b3830186c41559a3548aa4e679e8b9aee8364ad2f3d45cb5240"
"md","workflow","core","core/tasks/bmad-editorial-review-prose/workflow.md","6508538b21986a437ae8b16bdadd6b8d9e5e4bdfb1b12521fab521481e125592"
"md","workflow","core","core/tasks/bmad-editorial-review-structure/workflow.md","01d0b7eea736d5a82b0718970366499cde0813cf079c22308b69b174ecc6f149"
"md","workflow","core","core/tasks/bmad-help/workflow.md","d3550ab7dc44eff533b37f90d79e6b705c5cfa44ad1a5dbc6407cfedfb3cb258"
"md","workflow","core","core/tasks/bmad-index-docs/workflow.md","3da1ff520cb27e208a095512ec1f4e6cbab93272156f2dd5b59cbdbfc3b15bd8"
"md","workflow","core","core/tasks/bmad-review-adversarial-general/workflow.md","7944bbda0b10c048eff5920d58fe451d9f33c78eb61c43b23b93314e7d848330"
"md","workflow","core","core/tasks/bmad-review-edge-case-hunter/workflow.md","96ecf630bcc2b302cf9279320d4c6b345bec8169028bede93b6acceb053288e3"
"md","workflow","core","core/tasks/bmad-shard-doc/workflow.md","eef9ef205f5064e59e785a96a1c120252a982f21e0a3e70243e6f38096420705"
"md","workflow","core","core/workflows/bmad-brainstorming/workflow.md","5532587ff0135c7db308e18f692bbc0004b9365cfe55ffdbb04648b078af2dcc"
"md","workflow","core","core/workflows/bmad-party-mode/workflow.md","724551e60a63db9bf5ce8c0b8d687133aab32aa3b0673c9959ba17cd1497e367"
"yaml","bmad-skill-manifest","core","core/agents/bmad-skill-manifest.yaml","8f6f36bf2744a8720f8bfd05cde1aa97ccd0a8dd0453d070caf5a8eda62dcb1d"
"yaml","bmad-skill-manifest","core","core/tasks/bmad-advanced-elicitation/bmad-skill-manifest.yaml","fba78c307309490c064510a2d87d29e608120d600a705fd1d6b110adbdb68e63"
"yaml","bmad-skill-manifest","core","core/tasks/bmad-editorial-review-prose/bmad-skill-manifest.yaml","fba78c307309490c064510a2d87d29e608120d600a705fd1d6b110adbdb68e63"
"yaml","bmad-skill-manifest","core","core/tasks/bmad-editorial-review-structure/bmad-skill-manifest.yaml","fba78c307309490c064510a2d87d29e608120d600a705fd1d6b110adbdb68e63"
"yaml","bmad-skill-manifest","core","core/tasks/bmad-help/bmad-skill-manifest.yaml","fba78c307309490c064510a2d87d29e608120d600a705fd1d6b110adbdb68e63"
"yaml","bmad-skill-manifest","core","core/tasks/bmad-index-docs/bmad-skill-manifest.yaml","fba78c307309490c064510a2d87d29e608120d600a705fd1d6b110adbdb68e63"
"yaml","bmad-skill-manifest","core","core/tasks/bmad-review-adversarial-general/bmad-skill-manifest.yaml","fba78c307309490c064510a2d87d29e608120d600a705fd1d6b110adbdb68e63"
"yaml","bmad-skill-manifest","core","core/tasks/bmad-review-edge-case-hunter/bmad-skill-manifest.yaml","fba78c307309490c064510a2d87d29e608120d600a705fd1d6b110adbdb68e63"
"yaml","bmad-skill-manifest","core","core/tasks/bmad-shard-doc/bmad-skill-manifest.yaml","fba78c307309490c064510a2d87d29e608120d600a705fd1d6b110adbdb68e63"
"yaml","bmad-skill-manifest","core","core/workflows/bmad-brainstorming/bmad-skill-manifest.yaml","fba78c307309490c064510a2d87d29e608120d600a705fd1d6b110adbdb68e63"
"yaml","bmad-skill-manifest","core","core/workflows/bmad-party-mode/bmad-skill-manifest.yaml","fba78c307309490c064510a2d87d29e608120d600a705fd1d6b110adbdb68e63"
"yaml","config","core","core/config.yaml","8ea41093e123d9134ebe803c26d1fc5fa006a56effa034874ef47fb1795965d5"
